{
    "SampleFileName": "Consignment_pricing_raw.csv",
    "NumberofColumns" : 33,
    "NumberofRows": 10324,  
    "colName": {
    "ID": "int64",  
    "Project Code": "object", 
    "PQ_#" : "object" ,
    "PO / SO_#": "object", 
    "ASN/DN_#": "object" ,
    "Country": "object" ,
    "Managed by": "object", 
    "Fulfill Via": "object" ,
    "Vendor INCO Term": "object" ,
    "Shipment Mode": "object" ,
    "PQ First Sent to Client Date": "object" ,
    "PO Sent to Vendor Date": "object" ,
    "Scheduled Delivery Date": "object" ,
    "Delivered to Client Date": "object" ,
    "Delivery Recorded Date": "object" ,
    "Product Group": "object" ,
    "Sub Classification": "object", 
    "Vendor": "object" ,
    "Item Description": "object", 
    "Molecule/Test Type": "object" ,
    "Brand": "object" ,
    "Dosage": "object" ,
    "Dosage Form": "object", 
    "Unit of Measure": "int64",  
    "Line Item Quantity": "int64",  
    "Line Item Value": "float64",
    "Pack Price": "float64",
    "Unit Price": "float64",
    "Manufacturing Site": "object" ,
    "First Line Designation": "object" ,
    "Weight (Kilograms)": "object",
    "Freight Cost (USD)": "object",
    "Line Item Insurance (USD)": "float64"
    }
    }